"Id","Name","Position"
"1","Anoop","Head"
"2","new234","teamLead"
"4","newAdmin","Manager"
"5","Khadeer","intern"
"6","mokshit","intern"
"7","mokshit","intern"
"8","new1","intern"
"9","Raghav","member"
"10","Mayank","member"
"11","Hrithik","manager"
"12","Kartik","admin"
"13","Sanjay","member"
"14","Piyush","member"
"15","Sanjay","member"
"16","Piyush","member"
"17","Vishwas","member"
"18","sam","intern"
"20","Sanjay","member"
"21","new234","teamLead"
"22","Vishwas","member"
"23","Sanjay","member"
"24","Piyush","member"
"25","Vishwas","member"
"26","Sanjay","member"
"27","Piyush","member"
"28","Vishwas","member"
"29","NewMember","admin"
"31","Sanjay","member"
"32","Piyush","member"
"33","Vishwas","member"
"34","NewMember","admin"
"35","sam","intern"
"36","Sanjay","member"
"37","Piyush","member"
"38","Vishwas","member"
"39","NewMember","admin"
"41","Sanjay","member"
"42","Piyush","member"
"43","Vishwas","member"
"44","NewMember","admin"
"46","new234","teamLead"
"47","Sanjay","member"
"48","Piyush","member"
"49","Vishwas","member"
"50","NewMember","admin"
"51","Sanjay","member"
"52","Piyush","member"
"53","Vishwas","member"
"54","NewMember","admin"
"56","Sanjay","member"
"57","Piyush","member"
"58","Vishwas","member"
"59","NewMember","admin"
"61","Sanjay","member"
"62","Piyush","member"
"63","Vishwas","member"
"64","NewMember","admin"
"65","Sanjay","member"
"66","Piyush","member"
"67","Vishwas","member"
"68","NewMember","admin"
"69","Sanjay","member"
"70","Piyush","member"
"71","Vishwas","member"
"72","NewMember","admin"
"73","Sanjay","member"
"74","Piyush","member"
"75","Vishwas","member"
"76","NewMember","admin"
