"Id","Name","Bio"
"1","Charles Dickens","Nice writer"
"2","Jonathan","Born in Country"
"5","any","Born in Country"
"6","amn","Born in Country"
"8","AK","An Indian writter who is considered as one of the best writter in the world"
"9","CK","An Indian writter who is considered as one of the best writter in the world"
"10","vishwas","Working in Hyderabad"
"11","vishwas","Working in Hyderabad"
"12","CK","An Indian writter who is considered as one of the best writter in the world"
"14","john snow","An Indian writter who is considered as one of the best writter in the world"
"15","CK","An Indian writter who is considered as one of the best writter in the world"
"16","CK","An Indian writter who is considered as one of the best writter in the world"
"18","CK","An Indian writter who is considered as one of the best writter in the world"
"19","CK","An Indian writter who is considered as one of the best writter in the world"
"20","CK","An Indian writter who is considered as one of the best writter in the world"
"21","CK","An Indian writter who is considered as one of the best writter in the world"
"23","CKg","An Indian writter who is considered as one of the best writter in the world"
"27","Jane Doe","Jane is a mystery novelist with a penchant for the supernatural. Her debut novel"
"28","Jane Doe","Jane is a mystery novelist with a penchant for the supernatural."
"29","John Smith","John is a science fiction writer known for his futuristic worlds"
"30","Emily Johnson","Emily writes contemporary romance novels that explore the intricacies of"
"31","Michael Brown","Michael is a historian and author of several acclaimed books on ancient civilizations."
"32","Sarah Davis","Sarah is a young adult fiction author who tackles themes of identity and resilience."
"33","David Wilson","David writes historical thrillers and is known for his gripping narratives"
"34","Laura Martinez","Laura is a poet and essayist whose work often explores themes of identity"
"35","Robert Clark","Robert is a fantasy author whose epic series"
"36","Lily Nguyen","Lily is a children’s book author who creates whimsical stories with moral lessons."
"37","Tom Harris","Tom is a self-help and motivational speaker who has authored several bestsellers on"
"38","Jane Doe","Jane is a mystery novelist with a penchant for the supernatural."
"39","John Smith","John is a science fiction writer known for his futuristic worlds"
"40","Emily Johnson","Emily writes contemporary romance novels that explore the intricacies of"
"41","Michael Brown","Michael is a historian and author of several acclaimed books on ancient civilizations."
"42","Sarah Davis","Sarah is a young adult fiction author who tackles themes of identity and resilience."
"43","David Wilson","David writes historical thrillers and is known for his gripping narratives"
"44","Laura Martinez","Laura is a poet and essayist whose work often explores themes of identity"
"45","Robert Clark","Robert is a fantasy author whose epic series"
"46","Lily Nguyen","Lily is a children’s book author who creates whimsical stories with moral lessons."
"47","Tom Harris","Tom is a self-help and motivational speaker who has authored several bestsellers on"
"49","Jane Doe","Jane is a mystery novelist with a penchant for the supernatural."
"50","John Smith","John is a science fiction writer known for his futuristic worlds"
"51","Emily Johnson","Emily writes contemporary romance novels that explore the intricacies of"
"52","Michael Brown","Michael is a historian and author of several acclaimed books on ancient civilizations."
"53","Sarah Davis","Sarah is a young adult fiction author who tackles themes of identity and resilience."
"54","David Wilson","David writes historical thrillers and is known for his gripping narratives"
"55","Laura Martinez","Laura is a poet and essayist whose work often explores themes of identity"
"56","Robert Clark","Robert is a fantasy author whose epic series"
"57","Lily Nguyen","Lily is a children’s book author who creates whimsical stories with moral lessons."
"58","Tom Harris","Tom is a self-help and motivational speaker who has authored several bestsellers on"
"60","Jane Doe","Jane is a mystery novelist with a penchant for the supernatural."
"61","John Smith","John is a science fiction writer known for his futuristic worlds"
"62","Emily Johnson","Emily writes contemporary romance novels that explore the intricacies of"
"63","Michael Brown","Michael is a historian and author of several acclaimed books on ancient civilizations."
"64","Sarah Davis","Sarah is a young adult fiction author who tackles themes of identity and resilience."
"65","David Wilson","David writes historical thrillers and is known for his gripping narratives"
"66","Laura Martinez","Laura is a poet and essayist whose work often explores themes of identity"
"67","Robert Clark","Robert is a fantasy author whose epic series"
"68","Lily Nguyen","Lily is a children’s book author who creates whimsical stories with moral lessons."
"69","Tom Harris","Tom is a self-help and motivational speaker who has authored several bestsellers on"
"70","David Wilson","David writes historical thrillers and is known for his gripping narratives"
"71","Jane Doe","Jane is a mystery novelist with a penchant for the supernatural."
"72","Laura Martinez","Laura is a poet and essayist whose work often explores themes of identity"
"73","John Smith","John is a science fiction writer known for his futuristic worlds"
"74","Robert Clark","Robert is a fantasy author whose epic series"
"75","Emily Johnson","Emily writes contemporary romance novels that explore the intricacies of"
"76","Michael Brown","Michael is a historian and author of several acclaimed books on ancient civilizations."
"77","Lily Nguyen","Lily is a children’s book author who creates whimsical stories with moral lessons."
"78","Tom Harris","Tom is a self-help and motivational speaker who has authored several bestsellers on"
"79","Sarah Davis","Sarah is a young adult fiction author who tackles themes of identity and resilience."
"80","vishwas","Working in Hyderabad"
"81","vishwas","Working in Hyderabad"
"82","vishwas","Working in Hyderabad"
"91","vishwas","Working in Hyderabad"
"96","vishwas","Working in Hyderabad"
"103","vishwas","Working in Hyderabad"
"105","Jane Doe","Jane is a mystery novelist with a penchant for the supernatural."
"106","David Wilson","David writes historical thrillers and is known for his gripping narratives"
"107","John Smith","John is a science fiction writer known for his futuristic worlds"
"108","Laura Martinez","Laura is a poet and essayist whose work often explores themes of identity"
"109","Robert Clark","Robert is a fantasy author whose epic series"
"110","Emily Johnson","Emily writes contemporary romance novels that explore the intricacies of"
"111","Lily Nguyen","Lily is a children’s book author who creates whimsical stories with moral lessons."
"112","Michael Brown","Michael is a historian and author of several acclaimed books on ancient civilizations."
"113","Tom Harris","Tom is a self-help and motivational speaker who has authored several bestsellers on"
"114","Sarah Davis","Sarah is a young adult fiction author who tackles themes of identity and resilience."
"115","David Wilson","David writes historical thrillers and is known for his gripping narratives"
"116","Jane Doe","Jane is a mystery novelist with a penchant for the supernatural."
"117","John Smith","John is a science fiction writer known for his futuristic worlds"
"118","Laura Martinez","Laura is a poet and essayist whose work often explores themes of identity"
"119","Robert Clark","Robert is a fantasy author whose epic series"
"120","Emily Johnson","Emily writes contemporary romance novels that explore the intricacies of"
"121","Lily Nguyen","Lily is a children’s book author who creates whimsical stories with moral lessons."
"122","Michael Brown","Michael is a historian and author of several acclaimed books on ancient civilizations."
"123","Sarah Davis","Sarah is a young adult fiction author who tackles themes of identity and resilience."
"124","Tom Harris","Tom is a self-help and motivational speaker who has authored several bestsellers on"
"126","David Wilson","David writes historical thrillers and is known for his gripping narratives"
"127","Jane Doe","Jane is a mystery novelist with a penchant for the supernatural."
"128","Laura Martinez","Laura is a poet and essayist whose work often explores themes of identity"
"129","John Smith","John is a science fiction writer known for his futuristic worlds"
"130","Robert Clark","Robert is a fantasy author whose epic series"
"131","Emily Johnson","Emily writes contemporary romance novels that explore the intricacies of"
"132","Lily Nguyen","Lily is a children’s book author who creates whimsical stories with moral lessons."
"133","Michael Brown","Michael is a historian and author of several acclaimed books on ancient civilizations."
"134","Tom Harris","Tom is a self-help and motivational speaker who has authored several bestsellers on"
"135","Sarah Davis","Sarah is a young adult fiction author who tackles themes of identity and resilience."
"136","Jane Doe","Jane is a mystery novelist with a penchant for the supernatural."
"137","Jane Doe","Jane is a mystery novelist with a penchant for the supernatural."
"138","John Smith","John is a science fiction writer known for his futuristic worlds"
"139","John Smith","John is a science fiction writer known for his futuristic worlds"
"140","Emily Johnson","Emily writes contemporary romance novels that explore the intricacies of"
"141","Emily Johnson","Emily writes contemporary romance novels that explore the intricacies of"
"142","Michael Brown","Michael is a historian and author of several acclaimed books on ancient civilizations."
"143","Michael Brown","Michael is a historian and author of several acclaimed books on ancient civilizations."
"144","Sarah Davis","Sarah is a young adult fiction author who tackles themes of identity and resilience."
"145","Sarah Davis","Sarah is a young adult fiction author who tackles themes of identity and resilience."
"146","Jane Doe","Jane is a mystery novelist with a penchant for the supernatural."
"147","Jane Doe","Jane is a mystery novelist with a penchant for the supernatural."
"148","John Smith","John is a science fiction writer known for his futuristic worlds"
"149","John Smith","John is a science fiction writer known for his futuristic worlds"
"150","Emily Johnson","Emily writes contemporary romance novels that explore the intricacies of"
"151","Emily Johnson","Emily writes contemporary romance novels that explore the intricacies of"
"152","Michael Brown","Michael is a historian and author of several acclaimed books on ancient civilizations."
"153","Michael Brown","Michael is a historian and author of several acclaimed books on ancient civilizations."
"154","Sarah Davis","Sarah is a young adult fiction author who tackles themes of identity and resilience."
"155","Sarah Davis","Sarah is a young adult fiction author who tackles themes of identity and resilience."
"156","vishwas","Working in Hyderabad"
"157","Jane Doe","Jane is a mystery novelist with a penchant for the supernatural."
"158","Jane Doe","Jane is a mystery novelist with a penchant for the supernatural."
"159","John Smith","John is a science fiction writer known for his futuristic worlds"
"160","John Smith","John is a science fiction writer known for his futuristic worlds"
"161","Emily Johnson","Emily writes contemporary romance novels that explore the intricacies of"
"162","Emily Johnson","Emily writes contemporary romance novels that explore the intricacies of"
"163","Michael Brown","Michael is a historian and author of several acclaimed books on ancient civilizations."
"164","Michael Brown","Michael is a historian and author of several acclaimed books on ancient civilizations."
"165","Sarah Davis","Sarah is a young adult fiction author who tackles themes of identity and resilience."
"166","Sarah Davis","Sarah is a young adult fiction author who tackles themes of identity and resilience."
